,provider,size,day,count,mean,std,min,p50,p99,max
0,flyio,100,2024-08-20,1,3592.02,0.0,3592.02,3592.02,3592.02,3592.02
1,flyio,200,2024-08-20,47,945.67,26.36,885.83,947.97,997.82,998.01
2,flyio,200,2024-08-21,70,957.78,30.72,896.01,959.8,1015.39,1016.48
3,flyio,200,2024-08-22,70,960.41,32.94,903.88,961.86,1057.34,1083.68
4,flyio,200,2024-08-23,84,1030.54,495.24,894.99,960.75,2270.44,5454.38
5,flyio,200,2024-08-24,69,11432.67,6410.18,183.67,7971.28,24137.35,24145.67
6,flyio,200,2024-08-25,70,11821.33,8446.97,921.5,7695.15,30310.3,30711.64
7,flyio,200,2024-08-26,92,957.66,25.83,898.66,955.53,1019.0,1029.44
8,flyio,200,2024-08-27,90,955.36,31.46,880.68,959.81,1017.44,1080.49
9,flyio,200,2024-08-28,74,956.56,29.24,893.63,956.95,1029.55,1037.18
10,flyio,200,2024-08-29,86,1259.58,693.38,903.35,972.05,3505.35,3566.0
11,flyio,200,2024-08-30,71,1012.58,192.83,929.3,983.32,1615.79,2559.59
12,flyio,200,2024-08-31,70,1796.39,3886.93,915.84,974.66,22977.3,25560.37
13,flyio,200,2024-09-01,68,987.36,107.41,899.74,966.61,1505.46,1561.46
14,flyio,200,2024-09-02,70,963.49,28.76,899.24,963.46,1028.46,1033.66
15,flyio,200,2024-09-03,70,967.32,26.62,907.55,965.5,1026.89,1029.62
16,flyio,200,2024-09-04,70,962.89,24.52,909.22,964.6,1015.52,1016.26
17,flyio,200,2024-09-05,67,969.88,23.38,918.96,969.74,1016.82,1019.97
18,flyio,200,2024-09-06,72,971.77,23.3,925.68,970.43,1031.34,1038.48
19,flyio,200,2024-09-07,92,982.12,41.52,923.82,974.52,1094.88,1245.41
20,flyio,200,2024-09-08,92,976.93,21.09,918.0,978.57,1028.79,1045.15
21,flyio,200,2024-09-09,92,982.34,28.5,909.6,981.32,1046.59,1066.97
22,flyio,200,2024-09-10,89,1191.4,644.75,950.33,1009.9,3758.88,4563.28
23,flyio,200,2024-09-11,70,1025.97,86.32,948.9,1015.72,1411.02,1584.83
24,flyio,200,2024-09-12,70,1028.44,123.19,929.31,1003.9,1623.05,1750.98
25,flyio,200,2024-09-13,70,1032.69,91.86,937.73,1004.5,1344.38,1367.94
26,flyio,200,2024-09-14,70,1258.33,144.86,1165.88,1224.86,1989.99,2123.81
27,flyio,200,2024-09-15,70,1232.61,79.31,1152.93,1218.61,1480.44,1824.89
28,flyio,200,2024-09-16,70,1276.93,367.76,1166.31,1225.23,2547.78,4274.45
29,flyio,200,2024-09-17,76,1592.89,2247.45,973.05,1230.44,7710.18,20756.4
30,flyio,200,2024-09-18,92,1477.53,52.5,1408.36,1471.16,1672.66,1864.0
31,flyio,200,2024-09-19,92,1093.45,357.96,951.22,1022.66,1880.14,4296.85
32,flyio,200,2024-09-20,37,1118.28,527.83,968.12,1025.87,3185.73,4272.09
33,flyio,300,2024-08-20,47,945.01,29.65,889.17,949.19,1003.55,1004.75
34,flyio,300,2024-08-21,70,960.81,32.8,896.98,961.79,1032.2,1034.45
35,flyio,300,2024-08-22,70,955.75,28.98,894.46,959.61,1009.41,1019.66
36,flyio,300,2024-08-23,84,1047.25,589.41,881.69,959.3,2382.45,6311.61
37,flyio,300,2024-08-24,73,6416.22,1508.01,257.94,6428.8,9341.43,9411.49
38,flyio,300,2024-08-25,78,5618.05,2673.77,208.3,6521.18,9308.24,9955.47
39,flyio,300,2024-08-26,92,952.28,29.27,892.08,953.98,1015.68,1023.01
40,flyio,300,2024-08-27,90,969.72,99.55,901.17,960.52,1137.77,1869.66
41,flyio,300,2024-08-28,74,1092.09,827.57,898.26,957.15,6052.81,6060.26
42,flyio,300,2024-08-29,87,1364.9,1068.33,930.3,977.54,6125.7,6328.35
43,flyio,300,2024-08-30,70,979.11,40.05,911.7,973.21,1126.05,1146.68
44,flyio,300,2024-08-31,70,1360.16,1530.87,908.57,966.97,7733.08,7812.62
45,flyio,300,2024-09-01,68,995.0,112.62,904.86,974.26,1509.87,1574.21
46,flyio,300,2024-09-02,70,969.65,29.3,920.63,966.8,1046.59,1091.67
47,flyio,300,2024-09-03,70,968.91,26.37,907.27,966.65,1048.56,1081.06
48,flyio,300,2024-09-04,70,959.56,26.61,900.11,957.36,1019.57,1024.31
49,flyio,300,2024-09-05,67,967.44,21.61,924.14,971.19,1017.06,1022.01
50,flyio,300,2024-09-06,72,972.46,32.78,923.4,965.79,1100.22,1132.59
51,flyio,300,2024-09-07,92,976.33,36.61,899.98,971.02,1064.51,1190.11
52,flyio,300,2024-09-08,92,977.87,26.68,920.59,977.04,1066.07,1079.08
53,flyio,300,2024-09-09,92,976.14,24.73,912.49,974.24,1044.25,1055.07
54,flyio,300,2024-09-10,90,1061.09,176.72,924.09,1003.5,1820.46,1930.51
55,flyio,300,2024-09-11,70,1027.69,117.89,928.57,1004.8,1641.69,1716.6
56,flyio,300,2024-09-12,70,1022.09,93.17,955.87,1008.48,1459.35,1497.81
57,flyio,300,2024-09-13,70,1081.04,412.97,941.09,1006.53,2267.26,4444.95
58,flyio,300,2024-09-14,70,1260.82,142.28,1170.46,1235.05,1871.51,2230.81
59,flyio,300,2024-09-15,70,1230.08,69.18,1163.8,1219.53,1435.94,1753.14
60,flyio,300,2024-09-16,70,1231.61,42.39,1144.67,1228.38,1359.82,1363.16
61,flyio,300,2024-09-17,77,1421.74,580.31,984.08,1242.5,4408.81,4462.97
62,flyio,300,2024-09-18,92,1492.62,102.27,1412.39,1473.54,1949.19,2298.23
63,flyio,300,2024-09-19,92,1081.57,146.02,942.37,1029.91,1556.49,1635.46
64,flyio,300,2024-09-20,37,1053.45,109.67,961.43,1029.55,1479.36,1556.19
65,flyio,400,2024-08-20,37,8259.64,3962.43,75.19,10201.09,11146.89,11603.04
66,flyio,400,2024-08-21,67,1418.16,352.64,74.55,1447.48,2029.42,2463.44
67,flyio,400,2024-08-22,86,1812.51,279.26,1210.79,1801.7,2551.02,2643.37
68,flyio,400,2024-08-23,73,2394.38,395.57,1235.55,2412.41,3239.3,3824.42
69,flyio,400,2024-08-24,70,2816.83,545.6,1553.51,2785.02,4732.81,6269.84
70,flyio,400,2024-08-25,79,3172.02,628.44,1285.76,3237.43,4970.36,6368.59
71,flyio,400,2024-08-26,79,3329.41,544.42,1370.39,3367.79,4360.4,4592.62
72,flyio,400,2024-08-27,75,3471.29,452.49,1663.85,3579.66,4216.85,4375.31
73,flyio,400,2024-08-28,81,3830.06,742.28,1770.09,3743.98,6447.8,6490.6
74,flyio,400,2024-08-29,79,3720.7,950.66,75.22,3937.35,6456.14,6499.57
75,flyio,400,2024-08-30,75,3966.39,809.88,1503.7,4107.98,6543.28,6579.86
76,flyio,400,2024-08-31,75,3877.14,809.88,1511.48,4000.39,6457.69,6477.9
77,flyio,400,2024-09-01,76,4286.2,858.26,1726.7,4400.84,6728.67,7324.0
78,flyio,400,2024-09-02,76,4471.81,849.95,1821.96,4444.22,6787.82,6892.1
79,flyio,400,2024-09-03,74,4580.38,1068.59,2125.36,4628.27,6642.9,6645.55
80,flyio,400,2024-09-04,76,5155.22,1448.33,77.39,4953.99,7001.77,7163.42
81,flyio,400,2024-09-05,73,5660.78,1704.0,74.86,6588.21,7505.94,7535.57
82,flyio,400,2024-09-06,78,5629.13,1956.39,75.14,6614.87,8019.11,8133.23
83,flyio,400,2024-09-07,78,5742.49,2016.91,76.2,6661.77,7645.94,8076.8
84,flyio,400,2024-09-08,78,6121.69,1851.61,75.14,6690.46,8455.18,10285.05
85,flyio,400,2024-09-09,78,5842.07,2140.55,75.06,6737.22,7779.4,7854.85
86,flyio,400,2024-09-10,78,1991.0,1650.45,1137.39,1419.56,6993.67,7736.32
87,flyio,400,2024-09-11,77,1399.55,144.77,1162.81,1423.42,1808.66,1809.33
88,flyio,400,2024-09-12,73,1452.49,219.92,1190.52,1398.71,2210.03,2213.5
89,flyio,400,2024-09-13,78,1477.91,224.44,1197.86,1421.53,2280.24,2503.39
90,flyio,400,2024-09-14,77,1746.45,218.61,1372.88,1724.61,2404.6,2448.12
91,flyio,400,2024-09-15,78,1791.26,217.73,1443.42,1774.74,2429.84,2595.44
92,flyio,400,2024-09-16,77,1767.47,594.56,1398.05,1661.21,3359.77,6599.47
93,flyio,400,2024-09-17,76,1715.42,236.9,1216.75,1700.32,2291.51,2524.05
94,flyio,400,2024-09-18,76,2014.46,197.85,1764.61,2000.97,2761.05,2983.98
95,flyio,400,2024-09-19,75,1546.79,588.88,1146.42,1431.58,3142.68,6285.77
96,flyio,400,2024-09-20,43,1462.21,254.37,1172.45,1354.83,2206.46,2476.74
97,flyio,500,2024-08-20,37,5198.52,2024.77,75.22,6002.55,6033.71,6035.9
98,flyio,500,2024-08-21,67,1508.7,608.48,75.76,1490.19,3281.17,6042.9
99,flyio,500,2024-08-22,86,1824.07,262.92,1020.25,1845.44,2366.36,2466.76
100,flyio,500,2024-08-23,73,2345.37,338.61,1300.51,2367.67,2943.43,2959.41
101,flyio,500,2024-08-24,70,2880.77,878.81,1818.61,2845.77,5716.42,9476.28
102,flyio,500,2024-08-25,79,3324.66,1113.64,1814.51,3197.94,7919.4,10709.72
103,flyio,500,2024-08-26,79,3337.99,509.08,1096.19,3439.68,4146.25,4198.73
104,flyio,500,2024-08-27,76,3488.73,525.04,1021.22,3600.23,4346.75,4373.4
105,flyio,500,2024-08-28,81,3677.92,754.19,1012.05,3761.61,5982.82,5990.86
106,flyio,500,2024-08-29,78,3702.44,893.98,1000.15,3880.63,6008.02,6049.65
107,flyio,500,2024-08-30,75,3981.21,789.23,1028.1,4083.08,6023.68,6024.92
108,flyio,500,2024-08-31,75,3939.34,668.92,987.41,4033.42,5282.48,5998.56
109,flyio,500,2024-09-01,76,4234.14,933.21,77.31,4288.78,6023.18,6027.63
110,flyio,500,2024-09-02,76,4237.71,826.65,1016.23,4202.49,6026.12,6043.07
111,flyio,500,2024-09-03,76,4572.84,845.96,80.34,4603.78,6042.46,6042.7
112,flyio,500,2024-09-04,78,4792.63,1534.48,75.38,4963.34,6049.29,6068.48
113,flyio,500,2024-09-05,73,4942.1,1425.35,75.94,5019.59,6104.05,6164.12
114,flyio,500,2024-09-06,74,5296.32,1299.35,75.45,5998.68,6065.14,6085.45
115,flyio,500,2024-09-07,77,5352.4,1420.05,75.62,6010.38,6173.37,6296.39
116,flyio,500,2024-09-08,80,5268.0,1733.73,75.34,6020.69,6083.21,6095.5
117,flyio,500,2024-09-09,79,5627.21,1357.94,76.74,6013.48,6150.58,6290.87
118,flyio,500,2024-09-10,78,1882.23,1451.44,1048.04,1375.43,6061.39,6062.35
119,flyio,500,2024-09-11,77,1407.65,132.44,1188.08,1419.89,1695.83,1735.55
120,flyio,500,2024-09-12,73,1417.53,148.45,1059.15,1406.11,1708.34,1751.45
121,flyio,500,2024-09-13,78,1504.69,186.94,1034.64,1513.87,1982.82,2339.06
122,flyio,500,2024-09-14,77,1675.12,192.55,1381.73,1658.5,2194.06,2419.91
123,flyio,500,2024-09-15,78,1705.38,185.46,1402.52,1696.43,2132.96,2181.15
124,flyio,500,2024-09-16,77,1661.53,173.2,1369.36,1649.93,2041.81,2165.44
125,flyio,500,2024-09-17,76,1689.8,196.63,1278.04,1688.6,2218.43,2445.27
126,flyio,500,2024-09-18,76,1996.44,135.57,1754.05,1998.73,2298.13,2426.9
127,flyio,500,2024-09-19,75,1537.66,561.2,1171.19,1497.83,3131.84,6092.94
128,flyio,500,2024-09-20,43,1443.56,162.17,1192.26,1419.33,1829.99,1859.12
129,flyio,600,2024-08-20,47,947.96,25.93,903.1,948.17,1005.74,1007.48
130,flyio,600,2024-08-21,70,961.62,30.63,891.92,960.0,1035.92,1048.82
131,flyio,600,2024-08-22,70,962.23,31.67,899.03,961.05,1034.96,1038.89
132,flyio,600,2024-08-23,84,1036.95,459.49,900.66,970.92,2193.53,5095.09
133,flyio,600,2024-08-24,77,6203.61,2027.26,133.87,6450.83,8871.11,8924.0
134,flyio,600,2024-08-25,77,5683.5,2720.38,258.67,6474.32,11867.18,12231.73
135,flyio,600,2024-08-26,92,955.63,30.08,885.24,961.44,1011.04,1014.26
136,flyio,600,2024-08-27,90,972.5,91.99,895.65,966.03,1123.45,1802.51
137,flyio,600,2024-08-28,74,1090.13,750.77,891.38,949.77,5131.07,6030.12
138,flyio,600,2024-08-29,85,1314.43,926.88,908.14,975.8,6062.81,6063.43
139,flyio,600,2024-08-30,70,980.05,38.53,919.66,977.47,1124.37,1143.16
140,flyio,600,2024-08-31,71,1294.13,1293.27,290.83,970.81,6764.09,7064.4
141,flyio,600,2024-09-01,68,993.24,96.07,919.35,972.19,1390.53,1549.93
142,flyio,600,2024-09-02,70,961.13,24.13,912.71,963.13,1003.43,1012.66
143,flyio,600,2024-09-03,70,966.88,33.24,901.95,963.93,1059.96,1125.87
144,flyio,600,2024-09-04,70,963.65,25.15,902.09,968.25,1013.05,1035.08
145,flyio,600,2024-09-05,67,963.43,25.22,901.44,961.59,1020.28,1031.4
146,flyio,600,2024-09-06,72,972.16,25.99,909.36,970.24,1043.88,1056.05
147,flyio,600,2024-09-07,92,982.43,39.26,933.59,977.15,1110.72,1165.63
148,flyio,600,2024-09-08,92,971.04,24.32,910.3,972.69,1017.59,1023.84
149,flyio,600,2024-09-09,92,982.79,37.43,911.75,976.99,1067.19,1147.44
150,flyio,600,2024-09-10,89,1058.7,181.8,919.36,1011.82,1842.43,1951.6
151,flyio,600,2024-09-11,70,1028.27,135.8,934.54,1000.04,1680.41,1915.34
152,flyio,600,2024-09-12,70,1029.66,127.39,945.93,1000.05,1647.55,1742.71
153,flyio,600,2024-09-13,70,1035.77,106.35,950.01,1004.4,1401.94,1691.97
154,flyio,600,2024-09-14,70,1248.16,133.88,1162.98,1223.02,1932.52,2075.58
155,flyio,600,2024-09-15,70,1234.35,63.3,1166.28,1226.69,1464.37,1664.52
156,flyio,600,2024-09-16,70,1270.57,379.14,1136.98,1221.56,2487.77,4383.79
157,flyio,600,2024-09-17,78,1458.52,685.68,970.79,1243.55,4448.98,4562.29
158,flyio,600,2024-09-18,92,1476.33,47.26,1407.03,1471.67,1589.64,1820.95
159,flyio,600,2024-09-19,92,1095.68,156.02,944.46,1037.54,1629.54,1634.44
160,flyio,600,2024-09-20,37,1051.23,99.92,951.44,1025.75,1400.32,1421.51
161,flyio,700,2024-08-20,38,5221.81,2002.56,75.84,5996.05,6052.83,6054.29
162,flyio,700,2024-08-21,69,1243.66,836.46,77.51,1139.62,5959.99,5994.83
163,flyio,700,2024-08-22,74,1194.78,47.66,1089.38,1192.35,1308.64,1309.16
164,flyio,700,2024-08-23,89,1201.84,57.88,1025.44,1195.75,1365.92,1405.32
165,flyio,700,2024-08-24,70,1251.45,47.15,1169.27,1244.26,1371.66,1399.65
166,flyio,700,2024-08-25,83,1318.69,102.92,1027.76,1297.62,1688.7,1851.95
167,flyio,700,2024-08-26,70,1334.04,65.1,1227.91,1320.92,1572.3,1607.45
168,flyio,700,2024-08-27,85,1377.96,105.68,1018.97,1345.66,1788.44,1915.04
169,flyio,700,2024-08-28,78,1391.48,117.01,983.51,1358.97,1767.39,1863.6
170,flyio,700,2024-08-29,77,1497.32,192.88,1332.91,1423.97,2132.01,2407.23
171,flyio,700,2024-08-30,79,1544.43,243.57,1032.84,1459.02,2510.25,2608.44
172,flyio,700,2024-08-31,79,1520.7,184.15,1369.98,1450.28,2237.82,2295.95
173,flyio,700,2024-09-01,71,1598.14,389.09,990.26,1461.8,3192.18,3293.37
174,flyio,700,2024-09-02,77,1521.93,220.16,1391.52,1459.94,2384.89,3035.83
175,flyio,700,2024-09-03,82,1591.95,319.77,973.41,1491.26,2737.99,3519.27
176,flyio,700,2024-09-04,78,1649.36,251.74,1474.62,1554.92,2721.62,2776.59
177,flyio,700,2024-09-05,75,1778.24,496.11,991.15,1600.75,3887.14,4183.68
178,flyio,700,2024-09-06,79,1732.4,377.87,1511.88,1622.5,3476.47,4147.66
179,flyio,700,2024-09-07,83,1752.42,438.84,1003.46,1642.78,3069.18,4935.05
180,flyio,700,2024-09-08,79,1872.56,417.75,1576.8,1729.64,3367.27,4048.36
181,flyio,700,2024-09-09,77,1905.25,503.24,1179.05,1740.97,3658.48,4485.45
182,flyio,700,2024-09-10,82,1279.76,269.81,1010.98,1211.58,2186.17,3198.87
183,flyio,700,2024-09-11,70,1189.03,32.03,1129.94,1187.73,1277.22,1282.54
184,flyio,700,2024-09-12,80,1185.47,50.77,1117.65,1179.58,1403.4,1435.02
185,flyio,700,2024-09-13,77,1219.95,83.46,1056.43,1190.7,1467.98,1528.85
186,flyio,700,2024-09-14,73,1405.48,24.99,1359.24,1406.29,1458.92,1464.93
187,flyio,700,2024-09-15,82,1406.22,33.18,1317.94,1407.6,1475.22,1525.59
188,flyio,700,2024-09-16,71,1408.04,30.27,1326.36,1413.35,1481.94,1482.48
189,flyio,700,2024-09-17,79,1460.95,159.39,1164.78,1424.63,1825.21,1826.95
190,flyio,700,2024-09-18,82,1802.94,58.99,1732.42,1799.74,2009.52,2190.2
191,flyio,700,2024-09-19,73,1241.04,145.53,1111.94,1209.49,1821.16,1841.67
192,flyio,700,2024-09-20,44,1194.21,43.83,1060.11,1201.33,1270.64,1283.25
193,flyio,800,2024-08-20,42,5011.08,2206.57,75.97,5986.87,6047.48,6051.0
194,flyio,800,2024-08-21,69,1208.23,1029.63,76.22,1002.92,6009.81,6035.45
195,flyio,800,2024-08-22,70,1013.51,29.59,946.13,1011.42,1079.26,1081.11
196,flyio,800,2024-08-23,84,1101.08,610.76,957.47,1017.64,2491.41,6574.27
197,flyio,800,2024-08-24,70,13636.29,7465.66,524.23,10240.64,29803.14,30151.03
198,flyio,800,2024-08-25,71,12412.29,8134.88,954.27,9436.91,27453.63,29042.19
199,flyio,800,2024-08-26,92,1011.28,32.81,943.05,1014.57,1071.23,1076.88
200,flyio,800,2024-08-27,90,1011.15,33.13,942.36,1012.3,1079.06,1118.4
201,flyio,800,2024-08-28,74,1031.6,177.53,945.84,1012.91,1510.6,2523.82
202,flyio,800,2024-08-29,86,1339.93,778.39,961.94,1036.22,3791.44,4502.46
203,flyio,800,2024-08-30,70,1041.48,59.06,979.13,1028.39,1284.42,1317.82
204,flyio,800,2024-08-31,70,1544.93,2426.81,979.36,1025.96,11162.53,19176.8
205,flyio,800,2024-09-01,68,1047.68,107.27,954.35,1027.2,1531.55,1565.08
206,flyio,800,2024-09-02,70,1018.68,23.36,957.12,1017.88,1074.65,1083.18
207,flyio,800,2024-09-03,70,1020.16,25.55,969.2,1022.27,1078.07,1110.16
208,flyio,800,2024-09-04,70,1016.54,27.19,940.68,1014.58,1075.95,1112.4
209,flyio,800,2024-09-05,67,1020.15,25.39,953.0,1018.79,1078.5,1080.64
210,flyio,800,2024-09-06,72,1025.27,25.57,954.3,1023.8,1081.63,1095.0
211,flyio,800,2024-09-07,92,1033.45,55.57,964.38,1030.68,1155.14,1503.73
212,flyio,800,2024-09-08,92,1031.94,31.63,965.2,1028.88,1107.59,1152.3
213,flyio,800,2024-09-09,92,1030.09,27.13,955.71,1029.4,1094.96,1099.57
214,flyio,800,2024-09-10,90,1291.83,781.01,973.06,1058.93,4032.92,5802.27
215,flyio,800,2024-09-11,70,1088.08,133.3,999.89,1062.78,1742.39,1948.5
216,flyio,800,2024-09-12,70,1080.63,114.91,1004.07,1054.02,1588.27,1793.49
217,flyio,800,2024-09-13,70,1119.18,159.81,989.44,1072.67,1623.23,1964.23
218,flyio,800,2024-09-14,70,1449.48,125.35,1346.62,1432.1,1946.35,2325.47
219,flyio,800,2024-09-15,70,1432.48,73.71,1348.23,1426.54,1670.77,1962.29
220,flyio,800,2024-09-16,70,1423.38,37.06,1357.46,1425.43,1557.57,1578.75
221,flyio,800,2024-09-17,76,1746.36,931.65,1062.26,1439.46,5497.28,7545.4
222,flyio,800,2024-09-18,92,1984.44,49.15,1915.12,1974.78,2138.81,2316.07
223,flyio,800,2024-09-19,92,1218.51,383.93,1016.57,1106.3,3332.7,3560.66
224,flyio,800,2024-09-20,37,1232.07,839.73,1029.01,1081.06,4468.09,6263.24
225,flyio,900,2024-08-20,37,8725.14,3513.33,76.08,10202.97,10745.27,11031.68
226,flyio,900,2024-08-21,67,1601.7,632.89,77.02,1592.55,3371.59,6131.14
227,flyio,900,2024-08-22,86,1982.27,610.55,1271.25,1891.3,5396.23,5865.37
228,flyio,900,2024-08-23,73,2469.7,401.53,1628.99,2443.62,4062.14,4097.6
229,flyio,900,2024-08-24,70,2918.03,436.92,1660.03,2887.5,4437.7,5205.9
230,flyio,900,2024-08-25,79,3273.3,718.52,1737.52,3275.4,5766.68,7749.22
231,flyio,900,2024-08-26,79,3431.23,513.55,1814.45,3441.66,4744.45,5083.16
232,flyio,900,2024-08-27,76,3701.98,537.62,2271.41,3681.93,5276.82,6575.82
233,flyio,900,2024-08-28,81,3890.52,663.95,1895.4,3922.09,5421.28,6208.31
234,flyio,900,2024-08-29,78,4115.96,792.1,2082.91,4129.97,5961.84,8479.0
235,flyio,900,2024-08-30,76,4084.75,719.87,1973.14,4246.83,5210.99,5211.8
236,flyio,900,2024-08-31,75,4146.04,499.95,2023.25,4216.13,5207.77,5210.37
237,flyio,900,2024-09-01,66,4585.2,562.37,2417.16,4710.85,5212.33,5213.03
238,flyio,900,2024-09-02,63,4517.9,577.62,2989.21,4587.23,5514.09,5780.43
239,flyio,900,2024-09-03,77,4799.04,732.58,2680.23,4806.8,6278.63,9614.21
240,flyio,900,2024-09-04,77,4819.75,754.43,1673.14,5113.99,5290.73,5417.85
241,flyio,900,2024-09-05,72,5001.67,750.23,2480.64,5201.99,7650.07,7767.0
242,flyio,900,2024-09-06,80,5085.75,2190.03,1718.14,5205.13,10264.28,23018.27
243,flyio,900,2024-09-07,78,5057.06,597.8,2283.14,5205.62,6617.54,6960.5
244,flyio,900,2024-09-08,75,5208.89,1029.6,1971.21,5206.05,8366.44,12749.33
245,flyio,900,2024-09-09,77,5370.71,852.04,3210.19,5206.22,8002.93,10833.93
246,flyio,900,2024-09-10,78,1942.46,1248.81,1181.88,1516.48,5447.83,6178.61
247,flyio,900,2024-09-11,77,1524.23,136.69,1259.04,1542.59,1823.8,1842.72
248,flyio,900,2024-09-12,72,1563.71,525.46,1197.27,1521.84,3291.98,5750.29
249,flyio,900,2024-09-13,78,1565.89,216.8,1227.65,1523.93,2149.13,2340.54
250,flyio,900,2024-09-14,77,2048.58,454.63,1659.85,1999.48,3513.91,5576.92
251,flyio,900,2024-09-15,78,2116.37,568.41,1715.32,2063.59,3539.09,6947.51
252,flyio,900,2024-09-16,77,1967.29,191.41,1589.41,1934.69,2625.05,2628.3
253,flyio,900,2024-09-17,76,1979.17,291.78,1377.91,1953.21,2716.26,3266.36
254,flyio,900,2024-09-18,76,2549.2,773.45,2254.91,2434.51,4706.96,9142.4
255,flyio,900,2024-09-19,75,1692.44,710.2,1248.94,1625.56,3735.79,7493.58
256,flyio,900,2024-09-20,43,1592.55,146.26,1294.96,1585.13,1955.19,1967.38
257,flyio,1000,2024-08-20,41,4849.27,2350.17,75.11,6001.71,6075.92,6094.33
258,flyio,1000,2024-08-21,69,1588.24,800.48,74.38,1503.0,5989.05,5996.87
259,flyio,1000,2024-08-22,85,1789.32,274.88,993.74,1806.16,2442.55,2707.43
260,flyio,1000,2024-08-23,73,2391.88,362.7,1411.39,2383.81,3209.63,3811.08
261,flyio,1000,2024-08-24,70,2906.96,1104.74,1597.51,2846.34,6372.14,11485.6
262,flyio,1000,2024-08-25,79,3223.88,928.69,1779.34,3180.58,7309.45,8574.93
263,flyio,1000,2024-08-26,79,3227.92,636.54,980.39,3319.58,4265.91,4552.0
264,flyio,1000,2024-08-27,75,3469.02,573.19,966.52,3513.25,4612.56,4709.64
265,flyio,1000,2024-08-28,81,3720.58,681.77,985.17,3761.26,5201.72,6031.23
266,flyio,1000,2024-08-29,78,3873.07,716.0,1035.38,3946.87,5999.8,6038.86
267,flyio,1000,2024-08-30,77,3746.38,928.79,78.14,3923.86,5967.45,5980.97
268,flyio,1000,2024-08-31,75,3908.75,642.07,996.01,4003.43,5113.42,5970.03
269,flyio,1000,2024-09-01,74,4183.98,908.89,1475.02,4281.31,6014.84,6023.82
270,flyio,1000,2024-09-02,76,4302.38,769.27,997.85,4289.28,6033.12,6056.86
271,flyio,1000,2024-09-03,78,4268.26,1145.95,76.54,4470.99,6035.69,6044.79
272,flyio,1000,2024-09-04,77,4795.16,1538.44,75.86,4992.42,6043.75,6044.82
273,flyio,1000,2024-09-05,71,4943.83,1412.12,75.47,5059.96,6046.28,6053.71
274,flyio,1000,2024-09-06,78,5243.15,1434.39,76.29,5997.97,6162.17,6380.63
275,flyio,1000,2024-09-07,79,5162.08,1531.31,75.53,6009.2,6075.89,6077.75
276,flyio,1000,2024-09-08,82,5174.74,1732.0,75.86,6017.19,6127.74,6174.57
277,flyio,1000,2024-09-09,79,5288.81,1522.61,76.86,6006.62,6090.63,6127.09
278,flyio,1000,2024-09-10,78,1849.41,1354.29,1100.9,1362.75,6052.76,6088.51
279,flyio,1000,2024-09-11,77,1397.55,148.28,1149.64,1401.59,1777.79,1974.2
280,flyio,1000,2024-09-12,72,1431.08,178.01,1053.91,1395.66,1881.41,2155.61
281,flyio,1000,2024-09-13,78,1493.1,207.48,1054.67,1485.57,2146.37,2185.81
282,flyio,1000,2024-09-14,77,1681.53,209.01,1389.54,1637.89,2291.86,2425.2
283,flyio,1000,2024-09-15,78,1726.24,195.01,1428.22,1712.21,2230.04,2587.89
284,flyio,1000,2024-09-16,77,1696.67,216.95,1379.85,1666.46,2265.06,2330.07
285,flyio,1000,2024-09-17,76,1688.46,232.11,1236.55,1675.64,2341.65,2398.55
286,flyio,1000,2024-09-18,76,2020.61,154.4,1795.33,2011.51,2459.92,2503.09
287,flyio,1000,2024-09-19,76,1528.98,563.89,1161.49,1456.21,3107.09,6051.32
288,flyio,1000,2024-09-20,43,1449.92,171.51,1163.55,1465.73,1808.31,1808.38
289,flyio,2000,2024-08-20,40,5262.88,1846.37,76.05,5998.5,6068.04,6073.77
290,flyio,2000,2024-08-21,68,1517.64,622.36,76.69,1525.56,3199.69,6029.05
291,flyio,2000,2024-08-22,86,1766.55,278.28,980.13,1796.18,2368.49,2392.15
292,flyio,2000,2024-08-23,73,2390.57,379.03,1561.11,2417.98,3283.43,4070.93
293,flyio,2000,2024-08-24,71,2865.74,1096.38,1574.18,2837.92,6136.56,11256.57
294,flyio,2000,2024-08-25,79,3252.68,1110.56,1646.6,3194.76,7460.02,10528.04
295,flyio,2000,2024-08-26,79,3268.42,608.18,1025.55,3316.2,4155.57,4224.27
296,flyio,2000,2024-08-27,76,3428.92,602.86,961.62,3570.66,4523.98,4649.69
297,flyio,2000,2024-08-28,81,3755.38,758.48,989.82,3815.21,5992.43,6011.68
298,flyio,2000,2024-08-29,78,3808.26,914.07,1012.94,3923.58,6039.95,6054.78
299,flyio,2000,2024-08-30,75,4074.13,756.26,986.04,4180.88,6004.44,6044.27
300,flyio,2000,2024-08-31,75,3854.83,672.46,1034.94,4013.19,4903.26,5045.96
301,flyio,2000,2024-09-01,75,4314.31,883.22,75.17,4373.5,6039.92,6041.5
302,flyio,2000,2024-09-02,76,4241.9,860.01,1016.14,4116.05,6016.8,6018.28
303,flyio,2000,2024-09-03,73,4662.13,871.06,2348.69,4701.63,6039.53,6042.75
304,flyio,2000,2024-09-04,81,4585.96,1647.9,75.98,4982.25,6038.1,6041.75
305,flyio,2000,2024-09-05,74,4790.82,1721.46,75.01,5968.62,6066.78,6068.16
306,flyio,2000,2024-09-06,81,4821.15,1826.75,75.54,5986.1,6285.7,6349.6
307,flyio,2000,2024-09-07,83,4771.96,1815.09,75.66,5982.7,6144.53,6226.42
308,flyio,2000,2024-09-08,79,5210.0,1682.59,76.67,6017.74,6072.91,6077.56
309,flyio,2000,2024-09-09,83,5293.17,1774.08,75.72,6011.8,6157.15,6478.52
310,flyio,2000,2024-09-10,78,1873.12,1460.46,1055.37,1370.19,6067.82,6072.8
311,flyio,2000,2024-09-11,77,1391.8,131.31,1158.16,1357.52,1648.88,1662.33
312,flyio,2000,2024-09-12,73,1400.24,169.93,1040.79,1382.56,1792.62,1974.3
313,flyio,2000,2024-09-13,78,1449.64,200.15,1077.54,1421.53,1917.4,2030.04
314,flyio,2000,2024-09-14,77,1688.42,190.05,1393.08,1665.88,2148.03,2402.77
315,flyio,2000,2024-09-15,78,1750.94,187.19,1424.32,1740.43,2156.67,2521.45
316,flyio,2000,2024-09-16,77,1751.41,561.23,1399.6,1691.94,3311.11,6340.52
317,flyio,2000,2024-09-17,76,1646.54,244.62,1223.42,1591.53,2305.71,2760.66
318,flyio,2000,2024-09-18,76,1992.02,124.34,1761.16,1990.24,2289.11,2293.33
319,flyio,2000,2024-09-19,75,1524.41,556.42,1194.29,1459.97,3018.87,6084.96
320,flyio,2000,2024-09-20,43,1502.04,175.26,1087.86,1515.62,1879.36,1934.11
